Requirement ID,Spec Section,Description,Implementation File,Test Coverage,Status
REQ-CFG-001,10.1,OS_CFG_MAX_TASKS compile-time validation,kernel/src/os_cfg.rs,const assert,Done
REQ-CFG-002,10.1,OS_CFG_TICK_RATE_HZ compile-time validation,kernel/src/os_cfg.rs,const assert,Done
REQ-CFG-003,10.1,OS_CFG_PRIO_LEVELS compile-time validation,kernel/src/os_cfg.rs,const assert,Done
REQ-CFG-004,10.1,OS_CFG_TIMESLICE_TICKS compile-time validation,kernel/src/os_cfg.rs,const assert,Done
REQ-CFG-005,10.1,OS_CFG_SMP_CORES compile-time validation,kernel/src/os_cfg.rs,const assert,Done
REQ-CFG-006,10.1,OS_CFG_USER_STACK_SIZE compile-time validation,kernel/src/os_cfg.rs,const assert,Done
REQ-CFG-007,10.1,OS_CFG_KERN_STACK_SIZE compile-time validation,kernel/src/os_cfg.rs,const assert,Done
REQ-CFG-008,10.1,OS_CFG_MAX_MUTEX_NEST compile-time validation,kernel/src/os_cfg.rs,const assert,Done
REQ-CFG-009,10.1,OS_CFG_HEALTH_CHECK_INTERVAL compile-time validation,kernel/src/os_cfg.rs,const assert,Done
REQ-CFG-010,10.1,OS_CFG_WDT_TIMEOUT_MS compile-time validation,kernel/src/os_cfg.rs,const assert,Done
REQ-CFG-011,10.1,OS_CFG_DIAG_REGION_SIZE compile-time validation,kernel/src/os_cfg.rs,const assert,Done
REQ-CFG-012,10.1,OS_CFG_MAX_POOLS compile-time validation,kernel/src/os_cfg.rs,const assert,Done
REQ-CFG-013,10.1,OS_CFG_MIN_DRAM_MB compile-time validation,kernel/src/os_cfg.rs,const assert,Done
REQ-CFG-014,10.2,Safety-critical requires BUDGET_EN,kernel/src/os_cfg.rs,const assert,Done
REQ-POOL-001,6.2,os_pool_create initializes pool from static buffer,kernel/src/mm/pool.rs,fault_inject::test_pool_exhaust,Done
REQ-POOL-002,6.2,os_pool_alloc O(1) free-list pop,kernel/src/mm/pool.rs,fault_inject::test_pool_exhaust,Done
REQ-POOL-003,6.2,os_pool_free O(1) free-list push,kernel/src/mm/pool.rs,fault_inject::test_pool_exhaust,Done
REQ-POOL-004,6.2,Pool validates block pointer on free,kernel/src/mm/pool.rs,fault_inject::test_pool_bad_ptr,Done
REQ-POOL-005,6.2,Pool returns NoMemory when exhausted,kernel/src/mm/pool.rs,fault_inject::test_pool_exhaust,Done
REQ-SAFE-001,6.1,Safety-critical mode disables heap,kernel/src/mm/heap.rs,cfg(safety-critical) gate,Done
REQ-SAFE-002,11.4,Safety-critical requires budget enforcement,kernel/src/os_cfg.rs,const assert,Done
REQ-HOOK-001,11.2,os_hook_idle default WFI,kernel/src/hooks.rs,fault_inject::test_hook_invocation,Done
REQ-HOOK-002,11.2,os_hook_stack_overflow default log,kernel/src/hooks.rs,fault_inject::test_health_hooks,Done
REQ-HOOK-003,11.2,os_hook_data_abort default log,kernel/src/hooks.rs,fault_inject::test_hook_invocation,Done
REQ-HOOK-004,11.2,os_hook_hard_fault default log,kernel/src/hooks.rs,fault_inject::test_hook_invocation,Done
REQ-HOOK-005,11.2,os_hook_assert default log,kernel/src/hooks.rs,fault_inject::test_hook_invocation,Done
REQ-HOOK-006,11.2,os_hook_task_create default no-op,kernel/src/hooks.rs,fault_inject::test_hook_invocation,Done
REQ-HOOK-007,11.2,os_hook_task_switch default no-op,kernel/src/hooks.rs,fault_inject::test_hook_invocation,Done
REQ-HOOK-008,11.2,os_hook_budget_overrun default log,kernel/src/hooks.rs,fault_inject::test_health_hooks,Done
REQ-HOOK-009,11.2,os_hook_deadline_miss default log,kernel/src/hooks.rs,fault_inject::test_health_hooks,Done
REQ-HOOK-010,11.2,os_hook_task_terminated default log,kernel/src/hooks.rs,fault_inject::test_hook_invocation,Done
REQ-HOOK-011,11.2,os_hook_watchdog_expired default log,kernel/src/hooks.rs,fault_inject::test_hook_invocation,Done
REQ-HOOK-012,11.2,os_hook_health_check_failed default log,kernel/src/hooks.rs,fault_inject::test_health_hooks,Done
REQ-HOOK-013,11.2,os_hook_shutdown default log,kernel/src/hooks.rs,N/A (shutdown path),Done
REQ-HOOK-014,11.2,os_hook_safety_critical_lost default log,kernel/src/hooks.rs,fault_inject::test_hook_invocation,Done
REQ-HEALTH-001,11.5,Check stack watermarks,kernel/src/health.rs,QEMU integration,Done
REQ-HEALTH-002,11.5,Check CPU utilization,kernel/src/health.rs,QEMU integration,Done
REQ-HEALTH-003,11.5,Check watchdog status,kernel/src/health.rs,QEMU integration,Done
REQ-HEALTH-004,11.5,Check ready queue integrity,kernel/src/health.rs,sched::check_ready_queue_integrity,Done
REQ-HEALTH-005,11.5,Check mutex ownership,kernel/src/health.rs,sched::check_mutex_ownership,Done
REQ-HEALTH-006,11.5,Check tick monotonicity,kernel/src/health.rs,sched::check_tick_monotonicity,Done
REQ-HEALTH-007,11.5,Check pool accounting,kernel/src/health.rs,pool::pool_info,Done
REQ-SHUTDOWN-001,11.3,Mask interrupts on shutdown,kernel/src/shutdown.rs,N/A (destructive),Done
REQ-SHUTDOWN-002,11.3,Save diagnostic registers,kernel/src/shutdown.rs,fault_inject::test_diag_region,Done
REQ-SHUTDOWN-003,11.3,Log fault state to UART,kernel/src/shutdown.rs,N/A (destructive),Done
REQ-SHUTDOWN-004,11.3,Call os_hook_shutdown,kernel/src/shutdown.rs,N/A (destructive),Done
REQ-SHUTDOWN-005,11.3,Reboot or halt based on OS_CFG,kernel/src/shutdown.rs,N/A (destructive),Done
REQ-CRIT-001,11.6,os_criticality_switch suspends lower tasks,kernel/src/criticality.rs,fault_inject::test_criticality_switch,Done
REQ-CRIT-002,11.6,os_criticality_restore resumes tasks,kernel/src/criticality.rs,fault_inject::test_criticality_switch,Done
REQ-WCET-001,5.4,PMU cycle counter measurement,kernel/src/wcet.rs,shell wcet command,Done
REQ-WCET-002,5.4,WCET bounds for kernel services,kernel/src/wcet.rs,constants defined,Done
REQ-BUDGET-001,4.8,Budget enforcement suspends on overrun,kernel/src/sched.rs,fault_inject::test_budget_overrun,Done
REQ-BUDGET-002,4.8,Period-based budget replenishment,kernel/src/sched.rs,budget_period field,Done
REQ-BUDGET-003,4.8,os_hook_budget_overrun called on exhaustion,kernel/src/sched.rs,hook invocation in tick(),Done
REQ-SCHED-001,5.3,RMA utilization check,kernel/src/sched_analysis.rs,precomputed bounds,Done
REQ-SCHED-002,5.3,Response-Time Analysis with PIP blocking,kernel/src/sched_analysis.rs,iterative RTA,Done
REQ-SEC-FW-001,13.1,Allowlist firewall default-deny when enabled,kernel/src/net/firewall.rs,QEMU integration,Done
REQ-SEC-FW-002,13.1,Firewall rule matching: src IP/mask + dst port + protocol,kernel/src/net/firewall.rs,shell firewall command,Done
REQ-SEC-FW-003,13.1,Firewall integrated before IPv4 protocol demux,kernel/src/net/ipv4.rs,QEMU integration,Done
REQ-SEC-FW-004,13.1,Firewall atomic pass/drop counters,kernel/src/net/firewall.rs,shell firewall command,Done
REQ-SEC-FW-005,13.1,Firewall drop logged to audit trail,kernel/src/net/ipv4.rs,audit log integration,Done
REQ-SEC-CRYPTO-001,13.2,SHA-256 FIPS 180-4 runtime hash,kernel/src/crypto/sha256.rs,host-tests::sha256 (6 tests),Done
REQ-SEC-CRYPTO-002,13.2,SHA-256 const fn for compile-time hashing,kernel/src/crypto/sha256.rs,host-tests::sha256_tiny_os_password,Done
REQ-SEC-CRYPTO-003,13.2,HMAC-SHA256 RFC 2104 keyed-hash MAC,kernel/src/crypto/hmac.rs,host-tests::hmac_sha256 (4 tests),Done
REQ-SEC-CRYPTO-004,13.2,HMAC constant-time comparison,kernel/src/crypto/hmac.rs,host-tests::hmac_verify_correct/wrong,Done
REQ-SEC-CRYPTO-005,13.2,CRC32 with precomputed lookup table,kernel/src/crypto/crc32.rs,host-tests::crc32 (6 tests),Done
REQ-SEC-AUTH-001,13.3,Shell password stored as compile-time SHA-256 hash,kernel/src/shell.rs,const_hash invocation,Done
REQ-SEC-AUTH-002,13.3,Shell lockout after 3 failed attempts,kernel/src/shell.rs,SHELL_AUTH_MAX_ATTEMPTS cfg,Done
REQ-SEC-AUTH-003,13.3,Shell auth cfg-gated via SHELL_AUTH_EN,kernel/src/os_cfg.rs,const in os_cfg,Done
REQ-SEC-AUTH-004,13.3,Auth success/failure logged to audit,kernel/src/shell.rs,audit::log(AuthOk/AuthFail),Done
REQ-SEC-CAP-001,13.4,Per-task capability bitmask in TCB,kernel/src/sched.rs,capabilities field in TCB,Done
REQ-SEC-CAP-002,13.4,CAP_ALL for kernel tasks,kernel/src/sched.rs,task_create sets CAP_ALL,Done
REQ-SEC-CAP-003,13.4,CAP_USER_DEFAULT excludes SPI/I2C/GPIO for user tasks,kernel/src/sched.rs,const CAP_USER_DEFAULT,Done
REQ-SEC-CAP-004,13.4,Syscall dispatch checks capability before execution,kernel/src/syscall.rs,cap_for_syscall + task_has_capability,Done
REQ-SEC-CAP-005,13.4,Capability denial returns E_PERM with audit log,kernel/src/syscall.rs,audit::log(CapabilityDenied),Done
REQ-SEC-INT-001,13.5,CRC32 of .text computed at boot,kernel/src/integrity.rs,init() computes BOOT_CRC,Done
REQ-SEC-INT-002,13.5,Health monitor periodic .text CRC verification,kernel/src/health.rs,check_code_integrity(),Done
REQ-SEC-INT-003,13.5,Integrity failure logged and hook called,kernel/src/health.rs,os_hook_health_check_failed,Done
REQ-SEC-AUDIT-001,13.6,64-entry ring buffer audit log,kernel/src/audit.rs,MAX_ENTRIES=64,Done
REQ-SEC-AUDIT-002,13.6,10 security event types,kernel/src/audit.rs,AuditEvent enum (10 variants),Done
REQ-SEC-AUDIT-003,13.6,Per-entry tick + core_id + task_id,kernel/src/audit.rs,AuditEntry fields,Done
REQ-SEC-AUDIT-004,13.6,Persistent audit log to FAT32 /audit.log,kernel/src/audit.rs,persist_to_fs(),Done
REQ-SEC-JTAG-001,13.7,OSLAR_EL1 debug register lock on boot,kernel/src/jtag.rs,msr oslar_el1 instruction,Done
REQ-SEC-JTAG-002,13.7,GPIO 22-27 disabled in safety-critical mode on Pi 5,kernel/src/jtag.rs,cfg(bsp-rpi5) GPIO reconfigure,Done
REQ-SEC-JTAG-003,13.7,Lockdown controlled by DEBUG_LOCKDOWN cfg,kernel/src/os_cfg.rs,const DEBUG_LOCKDOWN,Done
REQ-SEC-HEALTH-001,13.5,Health monitor extended to 8 checks with code integrity,kernel/src/health.rs,check_code_integrity added,Done
